{
    "plddts": {
        "model_1_pred_0": 86.27500306416965,
        "model_2_pred_0": 81.27230413630292,
        "model_3_pred_0": 72.31105122722353,
        "model_4_pred_0": 66.69640469599359,
        "model_5_pred_0": 76.86864212222235
    },
    "order": [
        "model_1_pred_0",
        "model_2_pred_0",
        "model_5_pred_0",
        "model_3_pred_0",
        "model_4_pred_0"
    ]
}