{
    "plddts": {
        "model_1_pred_0": 87.94655570181214,
        "model_2_pred_0": 83.47201979607661,
        "model_3_pred_0": 72.54062444920731,
        "model_4_pred_0": 72.96304290379844,
        "model_5_pred_0": 77.90888284158784
    },
    "order": [
        "model_1_pred_0",
        "model_2_pred_0",
        "model_5_pred_0",
        "model_4_pred_0",
        "model_3_pred_0"
    ]
}