{
    "plddts": {
        "model_1_pred_0": 88.8654097137083,
        "model_2_pred_0": 79.77572812408874,
        "model_3_pred_0": 84.45453450900695,
        "model_4_pred_0": 80.0042585620635,
        "model_5_pred_0": 86.65607493229747
    },
    "order": [
        "model_1_pred_0",
        "model_5_pred_0",
        "model_3_pred_0",
        "model_4_pred_0",
        "model_2_pred_0"
    ]
}