{
    "features": 1451.4280252456665,
    "process_features_model_1_pred_0": 2.578270673751831,
    "predict_and_compile_model_1_pred_0": 15.373700141906738,
    "relax_model_1_pred_0": 14.037248611450195,
    "process_features_model_2_pred_0": 2.466742515563965,
    "predict_and_compile_model_2_pred_0": 12.607943058013916,
    "relax_model_2_pred_0": 8.66157603263855,
    "process_features_model_3_pred_0": 1.750138759613037,
    "predict_and_compile_model_3_pred_0": 16.010488271713257,
    "relax_model_3_pred_0": 8.409740447998047,
    "process_features_model_4_pred_0": 1.7367091178894043,
    "predict_and_compile_model_4_pred_0": 15.96095585823059,
    "relax_model_4_pred_0": 8.218920946121216,
    "process_features_model_5_pred_0": 1.6226367950439453,
    "predict_and_compile_model_5_pred_0": 7.998496770858765,
    "relax_model_5_pred_0": 9.851621389389038
}