{
    "plddts": {
        "model_1_pred_0": 85.01555516323481,
        "model_2_pred_0": 79.1896482706623,
        "model_3_pred_0": 84.4238064733383,
        "model_4_pred_0": 86.95022902090318,
        "model_5_pred_0": 85.32943758727154
    },
    "order": [
        "model_4_pred_0",
        "model_5_pred_0",
        "model_1_pred_0",
        "model_3_pred_0",
        "model_2_pred_0"
    ]
}