{
    "plddts": {
        "model_1_pred_0": 79.57487174180523,
        "model_2_pred_0": 72.64492705327287,
        "model_3_pred_0": 69.7174567909521,
        "model_4_pred_0": 71.69272820763194,
        "model_5_pred_0": 75.62764262780058
    },
    "order": [
        "model_1_pred_0",
        "model_5_pred_0",
        "model_2_pred_0",
        "model_4_pred_0",
        "model_3_pred_0"
    ]
}