{
    "plddts": {
        "model_1_pred_0": 86.35615908005275,
        "model_2_pred_0": 82.59543425388765,
        "model_3_pred_0": 69.37442084792339,
        "model_4_pred_0": 71.41946648751625,
        "model_5_pred_0": 75.96257238608027
    },
    "order": [
        "model_1_pred_0",
        "model_2_pred_0",
        "model_5_pred_0",
        "model_4_pred_0",
        "model_3_pred_0"
    ]
}