{
    "plddts": {
        "model_1_pred_0": 86.29467042839852,
        "model_2_pred_0": 80.67291335586167,
        "model_3_pred_0": 72.41117221654926,
        "model_4_pred_0": 71.63156658905564,
        "model_5_pred_0": 65.65129782863677
    },
    "order": [
        "model_1_pred_0",
        "model_2_pred_0",
        "model_3_pred_0",
        "model_4_pred_0",
        "model_5_pred_0"
    ]
}