{
    "features": 1108.6234538555145,
    "process_features_model_1_pred_0": 2.0332388877868652,
    "predict_and_compile_model_1_pred_0": 9.710476636886597,
    "relax_model_1_pred_0": 10.059109926223755,
    "process_features_model_2_pred_0": 2.003000259399414,
    "predict_and_compile_model_2_pred_0": 6.555553674697876,
    "relax_model_2_pred_0": 9.661404132843018,
    "process_features_model_3_pred_0": 1.6338107585906982,
    "predict_and_compile_model_3_pred_0": 9.606593608856201,
    "relax_model_3_pred_0": 7.394887685775757,
    "process_features_model_4_pred_0": 1.6185252666473389,
    "predict_and_compile_model_4_pred_0": 9.79196047782898,
    "relax_model_4_pred_0": 7.325245380401611,
    "process_features_model_5_pred_0": 1.5868346691131592,
    "predict_and_compile_model_5_pred_0": 6.750795125961304,
    "relax_model_5_pred_0": 7.336925029754639
}