{
    "plddts": {
        "model_1_pred_0": 82.62415131957059,
        "model_2_pred_0": 73.8127493621464,
        "model_3_pred_0": 81.97775182448339,
        "model_4_pred_0": 85.34367664885156,
        "model_5_pred_0": 85.07104576317445
    },
    "order": [
        "model_4_pred_0",
        "model_5_pred_0",
        "model_1_pred_0",
        "model_3_pred_0",
        "model_2_pred_0"
    ]
}