{
    "plddts": {
        "model_1_pred_0": 85.92129435416993,
        "model_2_pred_0": 82.95938427136302,
        "model_3_pred_0": 70.9346417367129,
        "model_4_pred_0": 68.47677860610483,
        "model_5_pred_0": 63.43880872288577
    },
    "order": [
        "model_1_pred_0",
        "model_2_pred_0",
        "model_3_pred_0",
        "model_4_pred_0",
        "model_5_pred_0"
    ]
}