{
    "plddts": {
        "model_1_pred_0": 86.45294881749825,
        "model_2_pred_0": 82.93767887477009,
        "model_3_pred_0": 71.66542035785093,
        "model_4_pred_0": 71.9162702117541,
        "model_5_pred_0": 74.1537746526473
    },
    "order": [
        "model_1_pred_0",
        "model_2_pred_0",
        "model_5_pred_0",
        "model_4_pred_0",
        "model_3_pred_0"
    ]
}