{
    "plddts": {
        "model_1_pred_0": 85.9417979440506,
        "model_2_pred_0": 82.83561209636031,
        "model_3_pred_0": 67.56949786306245,
        "model_4_pred_0": 75.43668531661798,
        "model_5_pred_0": 78.56263270562981
    },
    "order": [
        "model_1_pred_0",
        "model_2_pred_0",
        "model_5_pred_0",
        "model_4_pred_0",
        "model_3_pred_0"
    ]
}