{
    "plddts": {
        "model_1_pred_0": 87.655854096587,
        "model_2_pred_0": 81.81096133847456,
        "model_3_pred_0": 68.90687676863917,
        "model_4_pred_0": 67.44640239182752,
        "model_5_pred_0": 76.55220900768447
    },
    "order": [
        "model_1_pred_0",
        "model_2_pred_0",
        "model_5_pred_0",
        "model_3_pred_0",
        "model_4_pred_0"
    ]
}