{
    "plddts": {
        "model_1_pred_0": 84.45766528900677,
        "model_2_pred_0": 78.68908170131516,
        "model_3_pred_0": 79.95029146634582,
        "model_4_pred_0": 75.36018919440937,
        "model_5_pred_0": 76.99184090304848
    },
    "order": [
        "model_1_pred_0",
        "model_3_pred_0",
        "model_2_pred_0",
        "model_5_pred_0",
        "model_4_pred_0"
    ]
}