{
    "plddts": {
        "model_1_pred_0": 83.26758504147956,
        "model_2_pred_0": 68.90253188374322,
        "model_3_pred_0": 76.75761512051513,
        "model_4_pred_0": 81.20323808063188,
        "model_5_pred_0": 84.98238715941527
    },
    "order": [
        "model_5_pred_0",
        "model_1_pred_0",
        "model_4_pred_0",
        "model_3_pred_0",
        "model_2_pred_0"
    ]
}