{
    "plddts": {
        "model_1_pred_0": 84.97809778818687,
        "model_2_pred_0": 79.14705964921663,
        "model_3_pred_0": 84.32028856909844,
        "model_4_pred_0": 88.54925758344508,
        "model_5_pred_0": 86.23129007103401
    },
    "order": [
        "model_4_pred_0",
        "model_5_pred_0",
        "model_1_pred_0",
        "model_3_pred_0",
        "model_2_pred_0"
    ]
}