{
    "plddts": {
        "model_1_pred_0": 84.45264873963367,
        "model_2_pred_0": 79.61697200204108,
        "model_3_pred_0": 88.97405980398503,
        "model_4_pred_0": 87.37568824994234,
        "model_5_pred_0": 86.65364580415536
    },
    "order": [
        "model_3_pred_0",
        "model_4_pred_0",
        "model_5_pred_0",
        "model_1_pred_0",
        "model_2_pred_0"
    ]
}