{
    "plddts": {
        "model_1_pred_0": 88.31507226469549,
        "model_2_pred_0": 84.2787207814421,
        "model_3_pred_0": 72.63811740205124,
        "model_4_pred_0": 70.53556395016895,
        "model_5_pred_0": 74.5855844041566
    },
    "order": [
        "model_1_pred_0",
        "model_2_pred_0",
        "model_5_pred_0",
        "model_3_pred_0",
        "model_4_pred_0"
    ]
}