{
    "plddts": {
        "model_1_pred_0": 86.21279719776317,
        "model_2_pred_0": 82.82909993781195,
        "model_3_pred_0": 76.43905698430933,
        "model_4_pred_0": 73.6862069801526,
        "model_5_pred_0": 74.46663270099053
    },
    "order": [
        "model_1_pred_0",
        "model_2_pred_0",
        "model_3_pred_0",
        "model_5_pred_0",
        "model_4_pred_0"
    ]
}