{
    "plddts": {
        "model_1_pred_0": 80.14656248374843,
        "model_2_pred_0": 73.90310576281385,
        "model_3_pred_0": 78.05008849329437,
        "model_4_pred_0": 76.99492632343876,
        "model_5_pred_0": 82.51988905954133
    },
    "order": [
        "model_5_pred_0",
        "model_1_pred_0",
        "model_3_pred_0",
        "model_4_pred_0",
        "model_2_pred_0"
    ]
}