{
    "plddts": {
        "model_1_pred_0": 86.61115351203487,
        "model_2_pred_0": 82.60706606281103,
        "model_3_pred_0": 70.7482085183112,
        "model_4_pred_0": 81.3461252865356,
        "model_5_pred_0": 81.1272799349911
    },
    "order": [
        "model_1_pred_0",
        "model_2_pred_0",
        "model_4_pred_0",
        "model_5_pred_0",
        "model_3_pred_0"
    ]
}