{
    "plddts": {
        "model_1_pred_0": 83.94752835720115,
        "model_2_pred_0": 76.85623576448938,
        "model_3_pred_0": 81.7272661364822,
        "model_4_pred_0": 86.02678167628417,
        "model_5_pred_0": 83.70610408859683
    },
    "order": [
        "model_4_pred_0",
        "model_1_pred_0",
        "model_5_pred_0",
        "model_3_pred_0",
        "model_2_pred_0"
    ]
}