{
    "plddts": {
        "model_1_pred_0": 86.29993843605484,
        "model_2_pred_0": 82.7921305127438,
        "model_3_pred_0": 78.04995957593114,
        "model_4_pred_0": 75.49182660835265,
        "model_5_pred_0": 76.92967018376979
    },
    "order": [
        "model_1_pred_0",
        "model_2_pred_0",
        "model_3_pred_0",
        "model_5_pred_0",
        "model_4_pred_0"
    ]
}