{
    "plddts": {
        "model_1_pred_0": 84.0345807251478,
        "model_2_pred_0": 78.07103783963828,
        "model_3_pred_0": 80.67007489109035,
        "model_4_pred_0": 85.66387764732434,
        "model_5_pred_0": 80.78994792397575
    },
    "order": [
        "model_4_pred_0",
        "model_1_pred_0",
        "model_5_pred_0",
        "model_3_pred_0",
        "model_2_pred_0"
    ]
}