{
    "plddts": {
        "model_1_pred_0": 85.65189632121775,
        "model_2_pred_0": 80.73543456903792,
        "model_3_pred_0": 72.67015766288152,
        "model_4_pred_0": 65.81001804535686,
        "model_5_pred_0": 75.18078676330421
    },
    "order": [
        "model_1_pred_0",
        "model_2_pred_0",
        "model_5_pred_0",
        "model_3_pred_0",
        "model_4_pred_0"
    ]
}