{
    "features": 1407.7878878116608,
    "process_features_model_1_pred_0": 1.979858160018921,
    "predict_and_compile_model_1_pred_0": 17.349279403686523,
    "relax_model_1_pred_0": 9.608334302902222,
    "process_features_model_2_pred_0": 2.0048904418945312,
    "predict_and_compile_model_2_pred_0": 13.323682308197021,
    "relax_model_2_pred_0": 7.5399909019470215,
    "process_features_model_3_pred_0": 1.441596508026123,
    "predict_and_compile_model_3_pred_0": 16.26257085800171,
    "relax_model_3_pred_0": 10.98873519897461,
    "process_features_model_4_pred_0": 1.6746747493743896,
    "predict_and_compile_model_4_pred_0": 12.037230014801025,
    "relax_model_4_pred_0": 8.700408220291138,
    "process_features_model_5_pred_0": 1.724686622619629,
    "predict_and_compile_model_5_pred_0": 8.044702768325806,
    "relax_model_5_pred_0": 7.327755689620972
}