{
    "plddts": {
        "model_1_pred_0": 85.03468788717754,
        "model_2_pred_0": 82.64496154252767,
        "model_3_pred_0": 79.88414518573535,
        "model_4_pred_0": 77.45260779219049,
        "model_5_pred_0": 80.28602971194165
    },
    "order": [
        "model_1_pred_0",
        "model_2_pred_0",
        "model_5_pred_0",
        "model_3_pred_0",
        "model_4_pred_0"
    ]
}