{
    "plddts": {
        "model_1_pred_0": 85.13495837490163,
        "model_2_pred_0": 77.40539946819888,
        "model_3_pred_0": 77.22763689498748,
        "model_4_pred_0": 84.69896250822002,
        "model_5_pred_0": 84.22566436698226
    },
    "order": [
        "model_1_pred_0",
        "model_4_pred_0",
        "model_5_pred_0",
        "model_2_pred_0",
        "model_3_pred_0"
    ]
}