{
    "plddts": {
        "model_1_pred_0": 86.47520704468064,
        "model_2_pred_0": 83.69275452965263,
        "model_3_pred_0": 87.65632248871555,
        "model_4_pred_0": 88.51404203178178,
        "model_5_pred_0": 90.69741744289217
    },
    "order": [
        "model_5_pred_0",
        "model_4_pred_0",
        "model_3_pred_0",
        "model_1_pred_0",
        "model_2_pred_0"
    ]
}