{
    "features": 1559.4552056789398,
    "process_features_model_1_pred_0": 2.958815336227417,
    "predict_and_compile_model_1_pred_0": 11.056367874145508,
    "relax_model_1_pred_0": 10.912994861602783,
    "process_features_model_2_pred_0": 2.604673385620117,
    "predict_and_compile_model_2_pred_0": 7.703322410583496,
    "relax_model_2_pred_0": 8.967010021209717,
    "process_features_model_3_pred_0": 1.8946611881256104,
    "predict_and_compile_model_3_pred_0": 14.523053884506226,
    "relax_model_3_pred_0": 9.08507227897644,
    "process_features_model_4_pred_0": 1.8559718132019043,
    "predict_and_compile_model_4_pred_0": 13.695589065551758,
    "relax_model_4_pred_0": 8.516475677490234,
    "process_features_model_5_pred_0": 1.8048357963562012,
    "predict_and_compile_model_5_pred_0": 12.32351541519165,
    "relax_model_5_pred_0": 11.931438446044922
}