{
    "plddts": {
        "model_1_pred_0": 86.4279120390612,
        "model_2_pred_0": 83.45297456253341,
        "model_3_pred_0": 86.31672249420345,
        "model_4_pred_0": 87.76768021452293,
        "model_5_pred_0": 89.48290357883752
    },
    "order": [
        "model_5_pred_0",
        "model_4_pred_0",
        "model_1_pred_0",
        "model_3_pred_0",
        "model_2_pred_0"
    ]
}