{
    "plddts": {
        "model_1_pred_0": 84.8496700941041,
        "model_2_pred_0": 78.2665889324752,
        "model_3_pred_0": 79.47858480853854,
        "model_4_pred_0": 85.5374190678279,
        "model_5_pred_0": 81.91680826162323
    },
    "order": [
        "model_4_pred_0",
        "model_1_pred_0",
        "model_5_pred_0",
        "model_3_pred_0",
        "model_2_pred_0"
    ]
}