{
    "plddts": {
        "model_1_pred_0": 86.09352536589822,
        "model_2_pred_0": 80.54849867263854,
        "model_3_pred_0": 70.37490670183098,
        "model_4_pred_0": 73.28323777328958,
        "model_5_pred_0": 75.65669998070564
    },
    "order": [
        "model_1_pred_0",
        "model_2_pred_0",
        "model_5_pred_0",
        "model_4_pred_0",
        "model_3_pred_0"
    ]
}