{
    "plddts": {
        "model_1_pred_0": 84.69084683534857,
        "model_2_pred_0": 82.3698017769849,
        "model_3_pred_0": 70.71765207698317,
        "model_4_pred_0": 68.20661716786859,
        "model_5_pred_0": 67.99854597656991
    },
    "order": [
        "model_1_pred_0",
        "model_2_pred_0",
        "model_3_pred_0",
        "model_4_pred_0",
        "model_5_pred_0"
    ]
}