{
    "plddts": {
        "model_1_pred_0": 86.47660168587373,
        "model_2_pred_0": 81.90577230524181,
        "model_3_pred_0": 69.26692359329672,
        "model_4_pred_0": 64.39756811666012,
        "model_5_pred_0": 71.23844500380969
    },
    "order": [
        "model_1_pred_0",
        "model_2_pred_0",
        "model_5_pred_0",
        "model_3_pred_0",
        "model_4_pred_0"
    ]
}