{
    "plddts": {
        "model_1_pred_0": 86.3652185133059,
        "model_2_pred_0": 83.43245815527607,
        "model_3_pred_0": 80.07823016877853,
        "model_4_pred_0": 74.70748871909497,
        "model_5_pred_0": 82.03514329828802
    },
    "order": [
        "model_1_pred_0",
        "model_2_pred_0",
        "model_5_pred_0",
        "model_3_pred_0",
        "model_4_pred_0"
    ]
}