{
    "plddts": {
        "model_1_pred_0": 86.9702988028018,
        "model_2_pred_0": 82.90319216932005,
        "model_3_pred_0": 81.93299419706337,
        "model_4_pred_0": 81.00258388355957,
        "model_5_pred_0": 84.54328829296043
    },
    "order": [
        "model_1_pred_0",
        "model_5_pred_0",
        "model_2_pred_0",
        "model_3_pred_0",
        "model_4_pred_0"
    ]
}