{
    "plddts": {
        "model_1_pred_0": 80.9244386931914,
        "model_2_pred_0": 77.20411613205818,
        "model_3_pred_0": 81.19774055807923,
        "model_4_pred_0": 84.88098418279141,
        "model_5_pred_0": 82.30427147339825
    },
    "order": [
        "model_4_pred_0",
        "model_5_pred_0",
        "model_3_pred_0",
        "model_1_pred_0",
        "model_2_pred_0"
    ]
}