{
    "features": 1379.3823552131653,
    "process_features_model_1_pred_0": 2.4514083862304688,
    "predict_and_compile_model_1_pred_0": 15.4048171043396,
    "relax_model_1_pred_0": 11.992722034454346,
    "process_features_model_2_pred_0": 2.37979793548584,
    "predict_and_compile_model_2_pred_0": 12.297818660736084,
    "relax_model_2_pred_0": 9.15270471572876,
    "process_features_model_3_pred_0": 1.7428321838378906,
    "predict_and_compile_model_3_pred_0": 14.682987213134766,
    "relax_model_3_pred_0": 8.632230997085571,
    "process_features_model_4_pred_0": 1.6266741752624512,
    "predict_and_compile_model_4_pred_0": 15.292931079864502,
    "relax_model_4_pred_0": 8.5975923538208,
    "process_features_model_5_pred_0": 1.7514517307281494,
    "predict_and_compile_model_5_pred_0": 11.608443021774292,
    "relax_model_5_pred_0": 8.792119979858398
}