{
    "plddts": {
        "model_1_pred_0": 86.71254417399399,
        "model_2_pred_0": 82.56295475750169,
        "model_3_pred_0": 75.44139593050275,
        "model_4_pred_0": 71.20003387504104,
        "model_5_pred_0": 77.75147120650173
    },
    "order": [
        "model_1_pred_0",
        "model_2_pred_0",
        "model_5_pred_0",
        "model_3_pred_0",
        "model_4_pred_0"
    ]
}