{
    "plddts": {
        "model_1_pred_0": 85.1229997494545,
        "model_2_pred_0": 82.61101190997313,
        "model_3_pred_0": 79.33451712393065,
        "model_4_pred_0": 82.52236037514302,
        "model_5_pred_0": 85.58074941997182
    },
    "order": [
        "model_5_pred_0",
        "model_1_pred_0",
        "model_2_pred_0",
        "model_4_pred_0",
        "model_3_pred_0"
    ]
}