{
    "plddts": {
        "model_1_pred_0": 86.41888425903836,
        "model_2_pred_0": 84.76136004416674,
        "model_3_pred_0": 75.14724688070953,
        "model_4_pred_0": 69.75105785667283,
        "model_5_pred_0": 79.60328139130458
    },
    "order": [
        "model_1_pred_0",
        "model_2_pred_0",
        "model_5_pred_0",
        "model_3_pred_0",
        "model_4_pred_0"
    ]
}