{
    "plddts": {
        "model_1_pred_0": 86.41464387742562,
        "model_2_pred_0": 83.9522557027648,
        "model_3_pred_0": 76.16929210479412,
        "model_4_pred_0": 70.78623352667476,
        "model_5_pred_0": 78.40103436103966
    },
    "order": [
        "model_1_pred_0",
        "model_2_pred_0",
        "model_5_pred_0",
        "model_3_pred_0",
        "model_4_pred_0"
    ]
}