{
    "plddts": {
        "model_1_pred_0": 86.67688040638254,
        "model_2_pred_0": 82.68780802180198,
        "model_3_pred_0": 88.37305359757049,
        "model_4_pred_0": 83.62321613447435,
        "model_5_pred_0": 86.52600213052723
    },
    "order": [
        "model_3_pred_0",
        "model_1_pred_0",
        "model_5_pred_0",
        "model_4_pred_0",
        "model_2_pred_0"
    ]
}