{
    "plddts": {
        "model_1_pred_0": 87.42940566942912,
        "model_2_pred_0": 84.96892140178454,
        "model_3_pred_0": 72.93773288271302,
        "model_4_pred_0": 77.7091333441297,
        "model_5_pred_0": 80.8296148661064
    },
    "order": [
        "model_1_pred_0",
        "model_2_pred_0",
        "model_5_pred_0",
        "model_4_pred_0",
        "model_3_pred_0"
    ]
}