{
    "plddts": {
        "model_1_pred_0": 83.7793990714029,
        "model_2_pred_0": 80.86065845045013,
        "model_3_pred_0": 71.9839064732013,
        "model_4_pred_0": 69.1876545986932,
        "model_5_pred_0": 74.34084732668768
    },
    "order": [
        "model_1_pred_0",
        "model_2_pred_0",
        "model_5_pred_0",
        "model_3_pred_0",
        "model_4_pred_0"
    ]
}