{
    "plddts": {
        "model_1_pred_0": 86.46302411612682,
        "model_2_pred_0": 82.37149578868357,
        "model_3_pred_0": 72.43463460352127,
        "model_4_pred_0": 70.49862978301041,
        "model_5_pred_0": 75.39248044549336
    },
    "order": [
        "model_1_pred_0",
        "model_2_pred_0",
        "model_5_pred_0",
        "model_3_pred_0",
        "model_4_pred_0"
    ]
}