{
    "plddts": {
        "model_1_pred_0": 83.16589938728043,
        "model_2_pred_0": 77.42227734870335,
        "model_3_pred_0": 70.42201092107733,
        "model_4_pred_0": 66.03698403985531,
        "model_5_pred_0": 71.40606566513773
    },
    "order": [
        "model_1_pred_0",
        "model_2_pred_0",
        "model_5_pred_0",
        "model_3_pred_0",
        "model_4_pred_0"
    ]
}