{
    "features": 1466.2949860095978,
    "process_features_model_1_pred_0": 2.275559186935425,
    "predict_and_compile_model_1_pred_0": 9.125419616699219,
    "relax_model_1_pred_0": 10.063886880874634,
    "process_features_model_2_pred_0": 2.470900297164917,
    "predict_and_compile_model_2_pred_0": 6.82667875289917,
    "relax_model_2_pred_0": 8.985923528671265,
    "process_features_model_3_pred_0": 1.710723638534546,
    "predict_and_compile_model_3_pred_0": 9.772485256195068,
    "relax_model_3_pred_0": 12.532285451889038,
    "process_features_model_4_pred_0": 2.263253688812256,
    "predict_and_compile_model_4_pred_0": 9.377212524414062,
    "relax_model_4_pred_0": 8.653352737426758,
    "process_features_model_5_pred_0": 1.733980417251587,
    "predict_and_compile_model_5_pred_0": 6.705013751983643,
    "relax_model_5_pred_0": 9.14016342163086
}