{
    "plddts": {
        "model_1_pred_0": 86.11671939442141,
        "model_2_pred_0": 81.34371842790455,
        "model_3_pred_0": 79.06717516748674,
        "model_4_pred_0": 76.37056815138806,
        "model_5_pred_0": 74.50134985240476
    },
    "order": [
        "model_1_pred_0",
        "model_2_pred_0",
        "model_3_pred_0",
        "model_4_pred_0",
        "model_5_pred_0"
    ]
}