{
    "plddts": {
        "model_1_pred_0": 86.99813132293653,
        "model_2_pred_0": 82.1802043147311,
        "model_3_pred_0": 71.24485482410138,
        "model_4_pred_0": 74.37721112076464,
        "model_5_pred_0": 75.19833892851992
    },
    "order": [
        "model_1_pred_0",
        "model_2_pred_0",
        "model_5_pred_0",
        "model_4_pred_0",
        "model_3_pred_0"
    ]
}