{
    "plddts": {
        "model_1_pred_0": 86.02000751266308,
        "model_2_pred_0": 81.56191396033549,
        "model_3_pred_0": 77.68925106726707,
        "model_4_pred_0": 70.85882877585063,
        "model_5_pred_0": 78.76224361821376
    },
    "order": [
        "model_1_pred_0",
        "model_2_pred_0",
        "model_5_pred_0",
        "model_3_pred_0",
        "model_4_pred_0"
    ]
}