{
    "plddts": {
        "model_1_pred_0": 81.34123877770406,
        "model_2_pred_0": 78.94687666794172,
        "model_3_pred_0": 76.49400151884076,
        "model_4_pred_0": 78.8792350617411,
        "model_5_pred_0": 73.8607357016346
    },
    "order": [
        "model_1_pred_0",
        "model_2_pred_0",
        "model_4_pred_0",
        "model_3_pred_0",
        "model_5_pred_0"
    ]
}