{
    "plddts": {
        "model_1_pred_0": 86.63373642161083,
        "model_2_pred_0": 83.20042453153265,
        "model_3_pred_0": 73.11871111832471,
        "model_4_pred_0": 71.33136075828565,
        "model_5_pred_0": 65.46172038356343
    },
    "order": [
        "model_1_pred_0",
        "model_2_pred_0",
        "model_3_pred_0",
        "model_4_pred_0",
        "model_5_pred_0"
    ]
}