{
    "plddts": {
        "model_1_pred_0": 78.5888035967181,
        "model_2_pred_0": 70.02513712311818,
        "model_3_pred_0": 71.79820090928064,
        "model_4_pred_0": 74.13044728626373,
        "model_5_pred_0": 68.902225867372
    },
    "order": [
        "model_1_pred_0",
        "model_4_pred_0",
        "model_3_pred_0",
        "model_2_pred_0",
        "model_5_pred_0"
    ]
}