{
    "plddts": {
        "model_1_pred_0": 81.21031295856648,
        "model_2_pred_0": 74.20823630067781,
        "model_3_pred_0": 74.12594421385793,
        "model_4_pred_0": 68.1480761627316,
        "model_5_pred_0": 78.63722930004383
    },
    "order": [
        "model_1_pred_0",
        "model_5_pred_0",
        "model_2_pred_0",
        "model_3_pred_0",
        "model_4_pred_0"
    ]
}