{
    "plddts": {
        "model_1_pred_0": 80.42643719234513,
        "model_2_pred_0": 78.09039418199757,
        "model_3_pred_0": 71.27882520617457,
        "model_4_pred_0": 68.04025324868661,
        "model_5_pred_0": 78.81858922364546
    },
    "order": [
        "model_1_pred_0",
        "model_5_pred_0",
        "model_2_pred_0",
        "model_3_pred_0",
        "model_4_pred_0"
    ]
}