{
    "plddts": {
        "model_1_pred_0": 84.20666108702846,
        "model_2_pred_0": 73.46744736473266,
        "model_3_pred_0": 68.34278302679033,
        "model_4_pred_0": 69.56412928348658,
        "model_5_pred_0": 63.7466191104353
    },
    "order": [
        "model_1_pred_0",
        "model_2_pred_0",
        "model_4_pred_0",
        "model_3_pred_0",
        "model_5_pred_0"
    ]
}