{
    "plddts": {
        "model_1_pred_0": 87.11764495667006,
        "model_2_pred_0": 81.65416640019288,
        "model_3_pred_0": 78.95595624091125,
        "model_4_pred_0": 77.1980632892134,
        "model_5_pred_0": 82.8085847927687
    },
    "order": [
        "model_1_pred_0",
        "model_5_pred_0",
        "model_2_pred_0",
        "model_3_pred_0",
        "model_4_pred_0"
    ]
}