{
    "plddts": {
        "model_1_pred_0": 87.92849782789467,
        "model_2_pred_0": 85.80700648666246,
        "model_3_pred_0": 86.86150006647,
        "model_4_pred_0": 88.55130617053831,
        "model_5_pred_0": 90.89317203611928
    },
    "order": [
        "model_5_pred_0",
        "model_4_pred_0",
        "model_1_pred_0",
        "model_3_pred_0",
        "model_2_pred_0"
    ]
}