{
    "plddts": {
        "model_1_pred_0": 86.71443364610158,
        "model_2_pred_0": 82.46947924014562,
        "model_3_pred_0": 71.4906296888825,
        "model_4_pred_0": 72.09814989638261,
        "model_5_pred_0": 76.60292340510584
    },
    "order": [
        "model_1_pred_0",
        "model_2_pred_0",
        "model_5_pred_0",
        "model_4_pred_0",
        "model_3_pred_0"
    ]
}