{
    "plddts": {
        "model_1_pred_0": 74.68730471315806,
        "model_2_pred_0": 83.82061589650459,
        "model_3_pred_0": 71.95326628634672,
        "model_4_pred_0": 76.7586665083293,
        "model_5_pred_0": 80.04990795873711
    },
    "order": [
        "model_2_pred_0",
        "model_5_pred_0",
        "model_4_pred_0",
        "model_1_pred_0",
        "model_3_pred_0"
    ]
}