{
    "plddts": {
        "model_1_pred_0": 83.6988480012032,
        "model_2_pred_0": 75.81106651464671,
        "model_3_pred_0": 81.33058715329994,
        "model_4_pred_0": 85.48968989416932,
        "model_5_pred_0": 81.4711779626707
    },
    "order": [
        "model_4_pred_0",
        "model_1_pred_0",
        "model_5_pred_0",
        "model_3_pred_0",
        "model_2_pred_0"
    ]
}